[{"model": "contenttypes.contenttype", "pk": 1, "fields": {"app_label": "auth", "model": "permission"}}, {"model": "contenttypes.contenttype", "pk": 2, "fields": {"app_label": "auth", "model": "group"}}, {"model": "contenttypes.contenttype", "pk": 3, "fields": {"app_label": "auth", "model": "user"}}, {"model": "contenttypes.contenttype", "pk": 4, "fields": {"app_label": "contenttypes", "model": "contenttype"}}, {"model": "contenttypes.contenttype", "pk": 5, "fields": {"app_label": "redirects", "model": "redirect"}}, {"model": "contenttypes.contenttype", "pk": 6, "fields": {"app_label": "sessions", "model": "session"}}, {"model": "contenttypes.contenttype", "pk": 7, "fields": {"app_label": "sites", "model": "site"}}, {"model": "contenttypes.contenttype", "pk": 8, "fields": {"app_label": "conf", "model": "setting"}}, {"model": "contenttypes.contenttype", "pk": 9, "fields": {"app_label": "core", "model": "sitepermission"}}, {"model": "contenttypes.contenttype", "pk": 10, "fields": {"app_label": "generic", "model": "threadedcomment"}}, {"model": "contenttypes.contenttype", "pk": 11, "fields": {"app_label": "generic", "model": "keyword"}}, {"model": "contenttypes.contenttype", "pk": 12, "fields": {"app_label": "generic", "model": "assignedkeyword"}}, {"model": "contenttypes.contenttype", "pk": 13, "fields": {"app_label": "generic", "model": "rating"}}, {"model": "contenttypes.contenttype", "pk": 14, "fields": {"app_label": "pages", "model": "page"}}, {"model": "contenttypes.contenttype", "pk": 15, "fields": {"app_label": "pages", "model": "richtextpage"}}, {"model": "contenttypes.contenttype", "pk": 16, "fields": {"app_label": "pages", "model": "link"}}, {"model": "contenttypes.contenttype", "pk": 17, "fields": {"app_label": "blog", "model": "blogpost"}}, {"model": "contenttypes.contenttype", "pk": 18, "fields": {"app_label": "blog", "model": "blogcategory"}}, {"model": "contenttypes.contenttype", "pk": 19, "fields": {"app_label": "forms", "model": "form"}}, {"model": "contenttypes.contenttype", "pk": 20, "fields": {"app_label": "forms", "model": "field"}}, {"model": "contenttypes.contenttype", "pk": 21, "fields": {"app_label": "forms", "model": "formentry"}}, {"model": "contenttypes.contenttype", "pk": 22, "fields": {"app_label": "forms", "model": "fieldentry"}}, {"model": "contenttypes.contenttype", "pk": 23, "fields": {"app_label": "galleries", "model": "gallery"}}, {"model": "contenttypes.contenttype", "pk": 24, "fields": {"app_label": "galleries", "model": "galleryimage"}}, {"model": "contenttypes.contenttype", "pk": 25, "fields": {"app_label": "twitter", "model": "query"}}, {"model": "contenttypes.contenttype", "pk": 26, "fields": {"app_label": "twitter", "model": "tweet"}}, {"model": "contenttypes.contenttype", "pk": 27, "fields": {"app_label": "mezzanine_slides", "model": "slide"}}, {"model": "contenttypes.contenttype", "pk": 28, "fields": {"app_label": "vacancy", "model": "salarygrade"}}, {"model": "contenttypes.contenttype", "pk": 29, "fields": {"app_label": "vacancy", "model": "qualification"}}, {"model": "contenttypes.contenttype", "pk": 30, "fields": {"app_label": "vacancy", "model": "position"}}, {"model": "contenttypes.contenttype", "pk": 31, "fields": {"app_label": "vacancy", "model": "qualificationvalue"}}, {"model": "contenttypes.contenttype", "pk": 32, "fields": {"app_label": "vacancy", "model": "item"}}, {"model": "contenttypes.contenttype", "pk": 33, "fields": {"app_label": "vacancy", "model": "vacancy"}}, {"model": "contenttypes.contenttype", "pk": 34, "fields": {"app_label": "vacancy", "model": "person"}}, {"model": "contenttypes.contenttype", "pk": 35, "fields": {"app_label": "vacancy", "model": "registry"}}, {"model": "contenttypes.contenttype", "pk": 36, "fields": {"app_label": "vacancy", "model": "itemhistory"}}, {"model": "contenttypes.contenttype", "pk": 37, "fields": {"app_label": "admin", "model": "logentry"}}, {"model": "contenttypes.contenttype", "pk": 38, "fields": {"app_label": "django_comments", "model": "comment"}}, {"model": "contenttypes.contenttype", "pk": 39, "fields": {"app_label": "django_comments", "model": "commentflag"}}, {"model": "sessions.session", "pk": "93vh6p722i754sethya7v2lq7iy5xt19", "fields": {"session_data": "ODg1MTcwZTAwMjdkMmM1OGNlOWVhNDc1ODc2NzBjMzQwNGNiMjExYTp7Il9hdXRoX3VzZXJfaGFzaCI6ImJiZTczMzAzNmJmNTlmOGM5MDE3ZmFhYzRiYjgwZDUzYmZlNTRjZGIiLCJfYXV0aF91c2VyX2JhY2tlbmQiOiJtZXp6YW5pbmUuY29yZS5hdXRoX2JhY2tlbmRzLk1lenphbmluZUJhY2tlbmQiLCJfYXV0aF91c2VyX2lkIjoiMSJ9", "expire_date": "2016-03-31T01:38:57.593"}}, {"model": "sessions.session", "pk": "dbyhmhuclui5g2axfiynxlv9l20sq89c", "fields": {"session_data": "ODg1MTcwZTAwMjdkMmM1OGNlOWVhNDc1ODc2NzBjMzQwNGNiMjExYTp7Il9hdXRoX3VzZXJfaGFzaCI6ImJiZTczMzAzNmJmNTlmOGM5MDE3ZmFhYzRiYjgwZDUzYmZlNTRjZGIiLCJfYXV0aF91c2VyX2JhY2tlbmQiOiJtZXp6YW5pbmUuY29yZS5hdXRoX2JhY2tlbmRzLk1lenphbmluZUJhY2tlbmQiLCJfYXV0aF91c2VyX2lkIjoiMSJ9", "expire_date": "2016-04-04T03:39:36.006"}}, {"model": "sessions.session", "pk": "httzh6j4u1xz648jayfli3ubgk6jjaa4", "fields": {"session_data": "ODg1MTcwZTAwMjdkMmM1OGNlOWVhNDc1ODc2NzBjMzQwNGNiMjExYTp7Il9hdXRoX3VzZXJfaGFzaCI6ImJiZTczMzAzNmJmNTlmOGM5MDE3ZmFhYzRiYjgwZDUzYmZlNTRjZGIiLCJfYXV0aF91c2VyX2JhY2tlbmQiOiJtZXp6YW5pbmUuY29yZS5hdXRoX2JhY2tlbmRzLk1lenphbmluZUJhY2tlbmQiLCJfYXV0aF91c2VyX2lkIjoiMSJ9", "expire_date": "2016-03-29T15:23:08.370"}}, {"model": "sites.site", "pk": 1, "fields": {"domain": "localhost:8000", "name": "localhost:8000"}}, {"model": "conf.setting", "pk": 1, "fields": {"site": 1, "name": "GOOGLE_ANALYTICS_ID", "value": ""}}, {"model": "conf.setting", "pk": 2, "fields": {"site": 1, "name": "ADMIN_MENU_COLLAPSED", "value": "False"}}, {"model": "conf.setting", "pk": 3, "fields": {"site": 1, "name": "SEARCH_PER_PAGE", "value": "10"}}, {"model": "conf.setting", "pk": 4, "fields": {"site": 1, "name": "COMMENTS_NUM_LATEST", "value": "5"}}, {"model": "conf.setting", "pk": 5, "fields": {"site": 1, "name": "RICHTEXT_FILTER_LEVEL", "value": "1"}}, {"model": "conf.setting", "pk": 6, "fields": {"site": 1, "name": "TWITTER_CONSUMER_SECRET", "value": ""}}, {"model": "conf.setting", "pk": 7, "fields": {"site": 1, "name": "COMMENTS_UNAPPROVED_VISIBLE", "value": "True"}}, {"model": "conf.setting", "pk": 8, "fields": {"site": 1, "name": "SITE_TAGLINE", "value": "\"An Institution of Academic Character and Excellence\""}}, {"model": "conf.setting", "pk": 9, "fields": {"site": 1, "name": "TWITTER_DEFAULT_QUERY_TYPE", "value": "search"}}, {"model": "conf.setting", "pk": 10, "fields": {"site": 1, "name": "COMMENTS_REMOVED_VISIBLE", "value": "True"}}, {"model": "conf.setting", "pk": 11, "fields": {"site": 1, "name": "TWITTER_DEFAULT_NUM_TWEETS", "value": "3"}}, {"model": "conf.setting", "pk": 12, "fields": {"site": 1, "name": "BITLY_ACCESS_TOKEN", "value": ""}}, {"model": "conf.setting", "pk": 13, "fields": {"site": 1, "name": "SSL_ENABLED", "value": "False"}}, {"model": "conf.setting", "pk": 14, "fields": {"site": 1, "name": "AKISMET_API_KEY", "value": ""}}, {"model": "conf.setting", "pk": 15, "fields": {"site": 1, "name": "COMMENTS_DEFAULT_APPROVED", "value": "True"}}, {"model": "conf.setting", "pk": 16, "fields": {"site": 1, "name": "TWITTER_ACCESS_TOKEN_KEY", "value": ""}}, {"model": "conf.setting", "pk": 17, "fields": {"site": 1, "name": "TWITTER_DEFAULT_QUERY", "value": "from:stephen_mcd mezzanine"}}, {"model": "conf.setting", "pk": 18, "fields": {"site": 1, "name": "SITE_TITLE", "value": "Department of Education IGACOS Division"}}, {"model": "conf.setting", "pk": 19, "fields": {"site": 1, "name": "BLOG_POST_PER_PAGE", "value": "5"}}, {"model": "conf.setting", "pk": 20, "fields": {"site": 1, "name": "COMMENTS_NOTIFICATION_EMAILS", "value": ""}}, {"model": "conf.setting", "pk": 21, "fields": {"site": 1, "name": "COMMENTS_DISQUS_API_PUBLIC_KEY", "value": ""}}, {"model": "conf.setting", "pk": 22, "fields": {"site": 1, "name": "COMMENTS_DISQUS_API_SECRET_KEY", "value": ""}}, {"model": "conf.setting", "pk": 23, "fields": {"site": 1, "name": "TWITTER_CONSUMER_KEY", "value": ""}}, {"model": "conf.setting", "pk": 24, "fields": {"site": 1, "name": "COMMENTS_ACCOUNT_REQUIRED", "value": "False"}}, {"model": "conf.setting", "pk": 25, "fields": {"site": 1, "name": "MAX_PAGING_LINKS", "value": "10"}}, {"model": "conf.setting", "pk": 26, "fields": {"site": 1, "name": "TWITTER_ACCESS_TOKEN_SECRET", "value": ""}}, {"model": "conf.setting", "pk": 27, "fields": {"site": 1, "name": "TAG_CLOUD_SIZES", "value": "4"}}, {"model": "conf.setting", "pk": 28, "fields": {"site": 1, "name": "COMMENTS_DISQUS_SHORTNAME", "value": ""}}, {"model": "conf.setting", "pk": 29, "fields": {"site": 1, "name": "SSL_FORCE_HOST", "value": ""}}, {"model": "conf.setting", "pk": 30, "fields": {"site": 1, "name": "RATINGS_ACCOUNT_REQUIRED", "value": "False"}}, {"model": "pages.page", "pk": 2, "fields": {"keywords_string": "", "site": 1, "title": "Home", "slug": "/", "_meta_title": "Department of Education Division of IGACOS", "description": "from the right: Hon. Aniano P. Antalan, Hon. Richard Guindolman, SDS Juan E. Taloma and SDS Eufemia T. Gamutin ", "gen_description": true, "created": "2016-03-21T05:35:29.003", "updated": "2016-03-22T13:29:50.365", "status": 2, "publish_date": "2016-03-21T13:34:23", "expiry_date": null, "short_url": null, "in_sitemap": true, "_order": 0, "parent": null, "in_menus": "1,2,3", "titles": "Home", "content_model": "richtextpage", "login_required": false}}, {"model": "pages.page", "pk": 10, "fields": {"keywords_string": "", "site": 1, "title": "Vacancies", "slug": "vacancy", "_meta_title": null, "description": "Vacancies", "gen_description": true, "created": "2016-03-21T06:52:13.448", "updated": "2016-03-21T06:54:06.567", "status": 2, "publish_date": "2016-03-21T06:52:09", "expiry_date": null, "short_url": null, "in_sitemap": false, "_order": 1, "parent": null, "in_menus": "1,2,3", "titles": "Vacancies", "content_model": "link", "login_required": false}}, {"model": "pages.page", "pk": 20, "fields": {"keywords_string": "", "site": 1, "title": "March 08, 2016", "slug": "vacancy/2016-03-08", "_meta_title": null, "description": "2016-03-08 00:00:00 - 2016-03-19 00:00:00", "gen_description": true, "created": "2016-03-22T02:07:54.950", "updated": "2016-03-22T11:08:01.846", "status": 2, "publish_date": "2016-03-08T00:00:00", "expiry_date": "2016-03-19T00:00:00", "short_url": null, "in_sitemap": true, "_order": 0, "parent": 10, "in_menus": "1,2,3", "titles": "Vacancies / March 08, 2016", "content_model": "vacancy", "login_required": false}}, {"model": "pages.page", "pk": 21, "fields": {"keywords_string": "", "site": 1, "title": "March 03, 2016", "slug": "vacancy/2016-03-03", "_meta_title": null, "description": "2016-03-03 00:00:00 - 2016-03-18 00:00:00", "gen_description": true, "created": "2016-03-22T02:15:44.250", "updated": "2016-03-22T12:08:14.690", "status": 2, "publish_date": "2016-03-03T00:00:00", "expiry_date": "2016-03-18T00:00:00", "short_url": null, "in_sitemap": true, "_order": 1, "parent": 10, "in_menus": "1,2,3", "titles": "Vacancies / March 03, 2016", "content_model": "vacancy", "login_required": false}}, {"model": "pages.richtextpage", "pk": 2, "fields": {"content": "<p><img height=\"305\" src=\"http://depedigacos.weebly.com/uploads/3/1/6/7/31676527/1762264.jpg?544\" style=\"display: block; float: right; margin-left: 20px;\" width=\"542\"><span style=\"float: right; margin-left: 20px; margin-bottom: 10px;\" width=\"542px\">from the right: Hon. Aniano P. Antalan, Hon. Richard Guindolman, SDS Juan E. Taloma<br> and SDS Eufemia T. Gamutin </span></p>\n<h3>DepEd Inaugurates New Division Office</h3>\n<p>After a decade of waiting, the Department of Education Division of Island Garden City of Samal finally realized its dream of having its own division office with the inauguration of the new building worth Php 19 million located at the government center in Penaplata.</p>\n<p>The new office erected in a 3,000 sq. m area donated by the local government will house all the offices and divisions of DepEd IGaCoS. The division can now serve and accommodate better its clientele as there will be a wider and comfortable space in the area.</p>\n<p>Rev. Rodele P. Diego of the Four Square Gospel Church shared the word of God and dedicated the building by anointing each office with the oil coming from the Holy Land. Rev. Diego emphasized that the building was a blessing from God and we have to thank Him for it and may it will be used for His glory.</p>\n<p>Mayor Aniano P. Antalan congratulated DepEd for the completion of its building and hope that this will help in achieving its vision and mission of giving quality education to the children of IGaCoS. He further committed to allocate Php 1.5 million for the electrification and water installation of the new building.</p>\n<p>Former Superintendent Juan E. Taloma, the first Division Superintendent graced the occasion and was amazed by the growth of the Division which he started from ground zero.</p>\n<p>Superintendent Eufemia Gamutin, CESO VI expressed her warmest and heartfelt thanks to the local government, DepEd central and regional office, division personnel, school heads and its stakeholders for collaboratively working for the success of the activity and for the fulfilment of the dream of having an office.</p>\n<p>The affair was graced by Hon. Richard Guindolman, Chair of the Education Committee, City Administrator Guillermo Olden, City Budget Officer Jemelita Camaso, City Treasurer Merlina Caballero, City Agriculturist Anna Lea Zapanta, Pastor Edgar Sola, the school heads of the elementary and secondary schools, division personnel and DepEd IGaCoS valued stakeholders. ( by <strong>Rommel R. Jandayan - OIC-Chief, SGOD</strong>)</p>"}}, {"model": "pages.link", "pk": 10, "fields": {}}, {"model": "vacancy.salarygrade", "pk": 1, "fields": {"salary_grade": 1, "monthly_salary": "9478.00"}}, {"model": "vacancy.salarygrade", "pk": 2, "fields": {"salary_grade": 2, "monthly_salary": "10159.00"}}, {"model": "vacancy.salarygrade", "pk": 3, "fields": {"salary_grade": 3, "monthly_salary": "10883.00"}}, {"model": "vacancy.salarygrade", "pk": 4, "fields": {"salary_grade": 4, "monthly_salary": "11658.00"}}, {"model": "vacancy.salarygrade", "pk": 5, "fields": {"salary_grade": 5, "monthly_salary": "12448.00"}}, {"model": "vacancy.salarygrade", "pk": 6, "fields": {"salary_grade": 6, "monthly_salary": "13378.00"}}, {"model": "vacancy.salarygrade", "pk": 7, "fields": {"salary_grade": 7, "monthly_salary": "14331.00"}}, {"model": "vacancy.salarygrade", "pk": 8, "fields": {"salary_grade": 8, "monthly_salary": "15368.00"}}, {"model": "vacancy.salarygrade", "pk": 9, "fields": {"salary_grade": 9, "monthly_salary": "16512.00"}}, {"model": "vacancy.salarygrade", "pk": 10, "fields": {"salary_grade": 10, "monthly_salary": "17730.00"}}, {"model": "vacancy.salarygrade", "pk": 11, "fields": {"salary_grade": 11, "monthly_salary": "19077.00"}}, {"model": "vacancy.salarygrade", "pk": 12, "fields": {"salary_grade": 12, "monthly_salary": "20651.00"}}, {"model": "vacancy.salarygrade", "pk": 13, "fields": {"salary_grade": 13, "monthly_salary": "22328.00"}}, {"model": "vacancy.salarygrade", "pk": 14, "fields": {"salary_grade": 14, "monthly_salary": "24141.00"}}, {"model": "vacancy.salarygrade", "pk": 15, "fields": {"salary_grade": 15, "monthly_salary": "26192.00"}}, {"model": "vacancy.salarygrade", "pk": 16, "fields": {"salary_grade": 16, "monthly_salary": "28417.00"}}, {"model": "vacancy.salarygrade", "pk": 17, "fields": {"salary_grade": 17, "monthly_salary": "30831.00"}}, {"model": "vacancy.salarygrade", "pk": 18, "fields": {"salary_grade": 18, "monthly_salary": "33452.00"}}, {"model": "vacancy.salarygrade", "pk": 19, "fields": {"salary_grade": 19, "monthly_salary": "36409.00"}}, {"model": "vacancy.salarygrade", "pk": 20, "fields": {"salary_grade": 20, "monthly_salary": "39768.00"}}, {"model": "vacancy.salarygrade", "pk": 21, "fields": {"salary_grade": 21, "monthly_salary": "43439.00"}}, {"model": "vacancy.salarygrade", "pk": 22, "fields": {"salary_grade": 22, "monthly_salary": "47448.00"}}, {"model": "vacancy.salarygrade", "pk": 23, "fields": {"salary_grade": 23, "monthly_salary": "51826.00"}}, {"model": "vacancy.salarygrade", "pk": 24, "fields": {"salary_grade": 24, "monthly_salary": "56610.00"}}, {"model": "vacancy.salarygrade", "pk": 25, "fields": {"salary_grade": 25, "monthly_salary": "61971.00"}}, {"model": "vacancy.salarygrade", "pk": 26, "fields": {"salary_grade": 26, "monthly_salary": "67690.00"}}, {"model": "vacancy.salarygrade", "pk": 27, "fields": {"salary_grade": 27, "monthly_salary": "73937.00"}}, {"model": "vacancy.salarygrade", "pk": 28, "fields": {"salary_grade": 28, "monthly_salary": "80760.00"}}, {"model": "vacancy.salarygrade", "pk": 29, "fields": {"salary_grade": 29, "monthly_salary": "88214.00"}}, {"model": "vacancy.salarygrade", "pk": 30, "fields": {"salary_grade": 30, "monthly_salary": "96354.00"}}, {"model": "vacancy.salarygrade", "pk": 31, "fields": {"salary_grade": 31, "monthly_salary": "117086.00"}}, {"model": "vacancy.salarygrade", "pk": 32, "fields": {"salary_grade": 32, "monthly_salary": "135376.00"}}, {"model": "vacancy.salarygrade", "pk": 33, "fields": {"salary_grade": 33, "monthly_salary": "160924.00"}}, {"model": "vacancy.position", "pk": 1, "fields": {"name": "Teacher I", "salary_grade": 11, "category": "TS"}}, {"model": "vacancy.position", "pk": 2, "fields": {"name": "Teacher II", "salary_grade": 12, "category": "TS"}}, {"model": "vacancy.position", "pk": 3, "fields": {"name": "Teacher III", "salary_grade": 13, "category": "TS"}}, {"model": "vacancy.position", "pk": 4, "fields": {"name": "Master Teacher I", "salary_grade": 18, "category": "TS"}}, {"model": "vacancy.position", "pk": 5, "fields": {"name": "Master Teacher II", "salary_grade": 19, "category": "TS"}}, {"model": "vacancy.position", "pk": 6, "fields": {"name": "Master Teacher III", "salary_grade": 20, "category": "TS"}}, {"model": "vacancy.position", "pk": 7, "fields": {"name": "School Principal I", "salary_grade": 19, "category": "TR"}}, {"model": "vacancy.qualificationvalue", "pk": 1, "fields": {"position": 1, "qualification": null, "education": "BSED/BEED or its equivalent", "work_experience": "None required", "training": 0, "eligibility": "LET/PBET", "notes": null}}, {"model": "vacancy.qualificationvalue", "pk": 2, "fields": {"position": 2, "qualification": null, "education": "BSED/BEED or its equiv + 20 MA units", "work_experience": "3 years relevant experience", "training": 8, "eligibility": "LET/PBET", "notes": null}}, {"model": "vacancy.qualificationvalue", "pk": 3, "fields": {"position": 3, "qualification": null, "education": "BSED/BEED or its equiv + 20 MA units", "work_experience": "20 years relevant experience", "training": 8, "eligibility": "LET/PBET", "notes": null}}, {"model": "vacancy.qualificationvalue", "pk": 4, "fields": {"position": 3, "qualification": null, "education": "MA in education", "work_experience": "3 years relevant experience", "training": 8, "eligibility": "LET/PBET", "notes": null}}, {"model": "vacancy.qualificationvalue", "pk": 5, "fields": {"position": 4, "qualification": null, "education": "Bachelor's Deg. in Education or its equivalent plus 18 units for a Master's Degree", "work_experience": "3 years as Teacher", "training": 4, "eligibility": "LET/PBET", "notes": null}}, {"model": "vacancy.qualificationvalue", "pk": 6, "fields": {"position": 5, "qualification": null, "education": "Bachelor's Deg. in Education or its equivalent plus complete academic requirements for Master's Degree", "work_experience": "1 year as MT1", "training": 4, "eligibility": "LET/PBET", "notes": null}}, {"model": "vacancy.qualificationvalue", "pk": 7, "fields": {"position": 6, "qualification": null, "education": "test1", "work_experience": "1 yr", "training": 2, "eligibility": "LET/PBET", "notes": null}}, {"model": "vacancy.qualificationvalue", "pk": 8, "fields": {"position": 7, "qualification": null, "education": "Bachelor's Degree in Education or its equivalent", "work_experience": "1yr as MT2 or 2yrs as MTI; or 2 yrs as HT; / or 2 yrs as TIC or 3 years as Tea. 3 or 4yrs as Tea. 2 or 5 yrs as Tea 1;", "training": 8, "eligibility": "LET/PBET", "notes": "National Qualifying Exam for School Heads"}}, {"model": "vacancy.item", "pk": 1, "fields": {"number": "OSEC-DECSB-TCH1-750085-2000", "position": 1, "station_name": "Tagbitan-ag NHS", "station_type": "HS", "filled": false, "is_new": false}}, {"model": "vacancy.item", "pk": 2, "fields": {"number": "OSEC-DECSB-TCH1-751182-2015", "position": 1, "station_name": "Balet NHS", "station_type": "HS", "filled": false, "is_new": false}}, {"model": "vacancy.item", "pk": 3, "fields": {"number": "OSEC-DECSB-MTCHR2-750550-1998", "position": 5, "station_name": "", "station_type": "HS", "filled": false, "is_new": false}}, {"model": "vacancy.item", "pk": 4, "fields": {"number": "OSEC-DECSB-MTCHR1-751542-1998", "position": 4, "station_name": "", "station_type": "HS", "filled": false, "is_new": false}}, {"model": "vacancy.item", "pk": 6, "fields": {"number": "OSEC-DECSB-TCH3-750029-2002", "position": 3, "station_name": "Tagbitan-ag NHS", "station_type": "HS", "filled": false, "is_new": false}}, {"model": "vacancy.item", "pk": 7, "fields": {"number": "OSEC-DECSB-TCH2-750050-2003", "position": 2, "station_name": "Cogon NHS", "station_type": "HS", "filled": false, "is_new": false}}, {"model": "vacancy.item", "pk": 8, "fields": {"number": "OSEC-DECSB-TCH2-750010-2014", "position": 2, "station_name": "Cogon NHS", "station_type": "HS", "filled": false, "is_new": false}}, {"model": "vacancy.item", "pk": 9, "fields": {"number": "OSEC-DECSB-TCH3-750098-2008", "position": 3, "station_name": "Don Dasalla NHS", "station_type": "HS", "filled": false, "is_new": false}}, {"model": "vacancy.item", "pk": 10, "fields": {"number": "OSEC-DECSB-TCH3-750032-2006", "position": 3, "station_name": "Balet NHS", "station_type": "HS", "filled": false, "is_new": false}}, {"model": "vacancy.item", "pk": 11, "fields": {"number": "OSEC-DECSB-SP1-750249-2010", "position": 7, "station_name": "", "station_type": "ES", "filled": false, "is_new": false}}, {"model": "vacancy.item", "pk": 12, "fields": {"number": "OSEC-DECSB-SP1-750247-2010", "position": 7, "station_name": "", "station_type": "ES", "filled": false, "is_new": false}}, {"model": "vacancy.item", "pk": 13, "fields": {"number": "OSEC-DECSB-TCH1-750489-2016", "position": 1, "station_name": "", "station_type": "ES", "filled": false, "is_new": true}}, {"model": "vacancy.item", "pk": 14, "fields": {"number": "OSEC-DECSB-TCH1-750490-2016", "position": 1, "station_name": "", "station_type": "ES", "filled": false, "is_new": true}}, {"model": "vacancy.item", "pk": 15, "fields": {"number": "OSEC-DECSB-TCH1-750491-2016", "position": 1, "station_name": "", "station_type": "ES", "filled": false, "is_new": true}}, {"model": "vacancy.item", "pk": 16, "fields": {"number": "OSEC-DECSB-TCH1-750492-2016", "position": 1, "station_name": "", "station_type": "ES", "filled": false, "is_new": true}}, {"model": "vacancy.item", "pk": 17, "fields": {"number": "OSEC-DECSB-TCH1-750493-2016", "position": 1, "station_name": "", "station_type": "ES", "filled": false, "is_new": true}}, {"model": "vacancy.item", "pk": 18, "fields": {"number": "OSEC-DECSB-TCH1-750494-2016", "position": 1, "station_name": "", "station_type": "ES", "filled": false, "is_new": true}}, {"model": "vacancy.item", "pk": 19, "fields": {"number": "OSEC-DECSB-TCH1-750495-2016", "position": 1, "station_name": "", "station_type": "ES", "filled": false, "is_new": true}}, {"model": "vacancy.item", "pk": 20, "fields": {"number": "OSEC-DECSB-TCH1-750496-2016", "position": 1, "station_name": "", "station_type": "ES", "filled": false, "is_new": true}}, {"model": "vacancy.item", "pk": 21, "fields": {"number": "OSEC-DECSB-TCH1-750497-2016", "position": 1, "station_name": "", "station_type": "ES", "filled": false, "is_new": true}}, {"model": "vacancy.item", "pk": 22, "fields": {"number": "OSEC-DECSB-TCH1-750498-2016", "position": 1, "station_name": "", "station_type": "ES", "filled": false, "is_new": true}}, {"model": "vacancy.item", "pk": 23, "fields": {"number": "OSEC-DECSB-TCH1-750499-2016", "position": 1, "station_name": "", "station_type": "ES", "filled": false, "is_new": true}}, {"model": "vacancy.item", "pk": 24, "fields": {"number": "OSEC-DECSB-TCH1-750500-2016", "position": 1, "station_name": "", "station_type": "ES", "filled": false, "is_new": true}}, {"model": "vacancy.item", "pk": 25, "fields": {"number": "OSEC-DECSB-TCH1-750501-2016", "position": 1, "station_name": "", "station_type": "ES", "filled": false, "is_new": true}}, {"model": "vacancy.item", "pk": 26, "fields": {"number": "OSEC-DECSB-TCH1-750502-2016", "position": 1, "station_name": "", "station_type": "ES", "filled": false, "is_new": true}}, {"model": "vacancy.item", "pk": 27, "fields": {"number": "OSEC-DECSB-TCH1-750503-2016", "position": 1, "station_name": "", "station_type": "ES", "filled": false, "is_new": true}}, {"model": "vacancy.item", "pk": 28, "fields": {"number": "OSEC-DECSB-TCH1-750518-2016", "position": 1, "station_name": "Anonang NHS", "station_type": "HS", "filled": false, "is_new": true}}, {"model": "vacancy.item", "pk": 29, "fields": {"number": "OSEC-DECSB-TCH1-750519-2016", "position": 1, "station_name": "Mambago-B NHS", "station_type": "HS", "filled": false, "is_new": true}}, {"model": "vacancy.item", "pk": 30, "fields": {"number": "OSEC-DECSB-TCH1-750520-2016", "position": 1, "station_name": "Mambago-B NHS", "station_type": "HS", "filled": false, "is_new": true}}, {"model": "vacancy.item", "pk": 31, "fields": {"number": "OSEC-DECSB-TCH1-750521-2016", "position": 1, "station_name": "Nieves Villarica NHS", "station_type": "HS", "filled": false, "is_new": true}}, {"model": "vacancy.item", "pk": 32, "fields": {"number": "OSEC-DECSB-TCH1-750522-2016", "position": 1, "station_name": "Nieves Villarica NHS", "station_type": "HS", "filled": false, "is_new": true}}, {"model": "vacancy.item", "pk": 33, "fields": {"number": "OSEC-DECSB-TCH1-750523-2016", "position": 1, "station_name": "Nieves Villarica NHS", "station_type": "HS", "filled": false, "is_new": true}}, {"model": "vacancy.item", "pk": 34, "fields": {"number": "OSEC-DECSB-TCH1-750504-2016", "position": 1, "station_name": "", "station_type": "ES", "filled": false, "is_new": true}}, {"model": "vacancy.item", "pk": 35, "fields": {"number": "OSEC-DECSB-TCH1-750505-2016", "position": 1, "station_name": "", "station_type": "ES", "filled": false, "is_new": true}}, {"model": "vacancy.item", "pk": 36, "fields": {"number": "OSEC-DECSB-TCH1-750506-2016", "position": 1, "station_name": "", "station_type": "ES", "filled": false, "is_new": true}}, {"model": "vacancy.item", "pk": 37, "fields": {"number": "OSEC-DECSB-TCH1-750507-2016", "position": 1, "station_name": "", "station_type": "ES", "filled": false, "is_new": true}}, {"model": "vacancy.item", "pk": 38, "fields": {"number": "OSEC-DECSB-TCH1-750508-2016", "position": 1, "station_name": "", "station_type": "ES", "filled": false, "is_new": true}}, {"model": "vacancy.item", "pk": 39, "fields": {"number": "OSEC-DECSB-TCH1-750509-2016", "position": 1, "station_name": "", "station_type": "ES", "filled": false, "is_new": true}}, {"model": "vacancy.item", "pk": 40, "fields": {"number": "OSEC-DECSB-TCH1-750510-2016", "position": 1, "station_name": "", "station_type": "ES", "filled": false, "is_new": true}}, {"model": "vacancy.item", "pk": 41, "fields": {"number": "OSEC-DECSB-TCH1-750511-2016", "position": 1, "station_name": "", "station_type": "ES", "filled": false, "is_new": true}}, {"model": "vacancy.item", "pk": 42, "fields": {"number": "OSEC-DECSB-TCH1-750512-2016", "position": 1, "station_name": "", "station_type": "ES", "filled": false, "is_new": true}}, {"model": "vacancy.item", "pk": 43, "fields": {"number": "OSEC-DECSB-TCH1-750513-2016", "position": 1, "station_name": "", "station_type": "ES", "filled": false, "is_new": true}}, {"model": "vacancy.item", "pk": 44, "fields": {"number": "OSEC-DECSB-TCH1-750514-2016", "position": 1, "station_name": "", "station_type": "ES", "filled": false, "is_new": true}}, {"model": "vacancy.item", "pk": 45, "fields": {"number": "OSEC-DECSB-TCH1-750515-2016", "position": 1, "station_name": "", "station_type": "ES", "filled": false, "is_new": true}}, {"model": "vacancy.item", "pk": 46, "fields": {"number": "OSEC-DECSB-TCH1-750516-2016", "position": 1, "station_name": "", "station_type": "ES", "filled": false, "is_new": true}}, {"model": "vacancy.item", "pk": 47, "fields": {"number": "OSEC-DECSB-TCH1-750517-2016", "position": 1, "station_name": "", "station_type": "ES", "filled": false, "is_new": true}}, {"model": "vacancy.vacancy", "pk": 21, "fields": {"is_open": true, "items": [13, 14, 15, 16, 17, 18, 19, 20, 21, 22, 23, 24, 25, 26, 27, 28, 29, 30, 31, 32, 33, 34, 35, 36, 37, 38, 39, 40, 41, 42, 43, 44, 45, 46, 47]}}, {"model": "vacancy.vacancy", "pk": 20, "fields": {"is_open": true, "items": [1, 2, 3, 4, 6, 7, 8, 9, 10, 11, 12]}}, {"model": "auth.permission", "pk": 1, "fields": {"name": "Can add permission", "content_type": 1, "codename": "add_permission"}}, {"model": "auth.permission", "pk": 2, "fields": {"name": "Can change permission", "content_type": 1, "codename": "change_permission"}}, {"model": "auth.permission", "pk": 3, "fields": {"name": "Can delete permission", "content_type": 1, "codename": "delete_permission"}}, {"model": "auth.permission", "pk": 4, "fields": {"name": "Can add group", "content_type": 2, "codename": "add_group"}}, {"model": "auth.permission", "pk": 5, "fields": {"name": "Can change group", "content_type": 2, "codename": "change_group"}}, {"model": "auth.permission", "pk": 6, "fields": {"name": "Can delete group", "content_type": 2, "codename": "delete_group"}}, {"model": "auth.permission", "pk": 7, "fields": {"name": "Can add user", "content_type": 3, "codename": "add_user"}}, {"model": "auth.permission", "pk": 8, "fields": {"name": "Can change user", "content_type": 3, "codename": "change_user"}}, {"model": "auth.permission", "pk": 9, "fields": {"name": "Can delete user", "content_type": 3, "codename": "delete_user"}}, {"model": "auth.permission", "pk": 10, "fields": {"name": "Can add content type", "content_type": 4, "codename": "add_contenttype"}}, {"model": "auth.permission", "pk": 11, "fields": {"name": "Can change content type", "content_type": 4, "codename": "change_contenttype"}}, {"model": "auth.permission", "pk": 12, "fields": {"name": "Can delete content type", "content_type": 4, "codename": "delete_contenttype"}}, {"model": "auth.permission", "pk": 13, "fields": {"name": "Can add redirect", "content_type": 5, "codename": "add_redirect"}}, {"model": "auth.permission", "pk": 14, "fields": {"name": "Can change redirect", "content_type": 5, "codename": "change_redirect"}}, {"model": "auth.permission", "pk": 15, "fields": {"name": "Can delete redirect", "content_type": 5, "codename": "delete_redirect"}}, {"model": "auth.permission", "pk": 16, "fields": {"name": "Can add session", "content_type": 6, "codename": "add_session"}}, {"model": "auth.permission", "pk": 17, "fields": {"name": "Can change session", "content_type": 6, "codename": "change_session"}}, {"model": "auth.permission", "pk": 18, "fields": {"name": "Can delete session", "content_type": 6, "codename": "delete_session"}}, {"model": "auth.permission", "pk": 19, "fields": {"name": "Can add site", "content_type": 7, "codename": "add_site"}}, {"model": "auth.permission", "pk": 20, "fields": {"name": "Can change site", "content_type": 7, "codename": "change_site"}}, {"model": "auth.permission", "pk": 21, "fields": {"name": "Can delete site", "content_type": 7, "codename": "delete_site"}}, {"model": "auth.permission", "pk": 22, "fields": {"name": "Can add Setting", "content_type": 8, "codename": "add_setting"}}, {"model": "auth.permission", "pk": 23, "fields": {"name": "Can change Setting", "content_type": 8, "codename": "change_setting"}}, {"model": "auth.permission", "pk": 24, "fields": {"name": "Can delete Setting", "content_type": 8, "codename": "delete_setting"}}, {"model": "auth.permission", "pk": 25, "fields": {"name": "Can add Site permission", "content_type": 9, "codename": "add_sitepermission"}}, {"model": "auth.permission", "pk": 26, "fields": {"name": "Can change Site permission", "content_type": 9, "codename": "change_sitepermission"}}, {"model": "auth.permission", "pk": 27, "fields": {"name": "Can delete Site permission", "content_type": 9, "codename": "delete_sitepermission"}}, {"model": "auth.permission", "pk": 28, "fields": {"name": "Can add Comment", "content_type": 10, "codename": "add_threadedcomment"}}, {"model": "auth.permission", "pk": 29, "fields": {"name": "Can change Comment", "content_type": 10, "codename": "change_threadedcomment"}}, {"model": "auth.permission", "pk": 30, "fields": {"name": "Can delete Comment", "content_type": 10, "codename": "delete_threadedcomment"}}, {"model": "auth.permission", "pk": 31, "fields": {"name": "Can add Keyword", "content_type": 11, "codename": "add_keyword"}}, {"model": "auth.permission", "pk": 32, "fields": {"name": "Can change Keyword", "content_type": 11, "codename": "change_keyword"}}, {"model": "auth.permission", "pk": 33, "fields": {"name": "Can delete Keyword", "content_type": 11, "codename": "delete_keyword"}}, {"model": "auth.permission", "pk": 34, "fields": {"name": "Can add assigned keyword", "content_type": 12, "codename": "add_assignedkeyword"}}, {"model": "auth.permission", "pk": 35, "fields": {"name": "Can change assigned keyword", "content_type": 12, "codename": "change_assignedkeyword"}}, {"model": "auth.permission", "pk": 36, "fields": {"name": "Can delete assigned keyword", "content_type": 12, "codename": "delete_assignedkeyword"}}, {"model": "auth.permission", "pk": 37, "fields": {"name": "Can add Rating", "content_type": 13, "codename": "add_rating"}}, {"model": "auth.permission", "pk": 38, "fields": {"name": "Can change Rating", "content_type": 13, "codename": "change_rating"}}, {"model": "auth.permission", "pk": 39, "fields": {"name": "Can delete Rating", "content_type": 13, "codename": "delete_rating"}}, {"model": "auth.permission", "pk": 40, "fields": {"name": "Can add Page", "content_type": 14, "codename": "add_page"}}, {"model": "auth.permission", "pk": 41, "fields": {"name": "Can change Page", "content_type": 14, "codename": "change_page"}}, {"model": "auth.permission", "pk": 42, "fields": {"name": "Can delete Page", "content_type": 14, "codename": "delete_page"}}, {"model": "auth.permission", "pk": 43, "fields": {"name": "Can add Rich text page", "content_type": 15, "codename": "add_richtextpage"}}, {"model": "auth.permission", "pk": 44, "fields": {"name": "Can change Rich text page", "content_type": 15, "codename": "change_richtextpage"}}, {"model": "auth.permission", "pk": 45, "fields": {"name": "Can delete Rich text page", "content_type": 15, "codename": "delete_richtextpage"}}, {"model": "auth.permission", "pk": 46, "fields": {"name": "Can add Link", "content_type": 16, "codename": "add_link"}}, {"model": "auth.permission", "pk": 47, "fields": {"name": "Can change Link", "content_type": 16, "codename": "change_link"}}, {"model": "auth.permission", "pk": 48, "fields": {"name": "Can delete Link", "content_type": 16, "codename": "delete_link"}}, {"model": "auth.permission", "pk": 49, "fields": {"name": "Can add Blog post", "content_type": 17, "codename": "add_blogpost"}}, {"model": "auth.permission", "pk": 50, "fields": {"name": "Can change Blog post", "content_type": 17, "codename": "change_blogpost"}}, {"model": "auth.permission", "pk": 51, "fields": {"name": "Can delete Blog post", "content_type": 17, "codename": "delete_blogpost"}}, {"model": "auth.permission", "pk": 52, "fields": {"name": "Can add Blog Category", "content_type": 18, "codename": "add_blogcategory"}}, {"model": "auth.permission", "pk": 53, "fields": {"name": "Can change Blog Category", "content_type": 18, "codename": "change_blogcategory"}}, {"model": "auth.permission", "pk": 54, "fields": {"name": "Can delete Blog Category", "content_type": 18, "codename": "delete_blogcategory"}}, {"model": "auth.permission", "pk": 55, "fields": {"name": "Can add Form", "content_type": 19, "codename": "add_form"}}, {"model": "auth.permission", "pk": 56, "fields": {"name": "Can change Form", "content_type": 19, "codename": "change_form"}}, {"model": "auth.permission", "pk": 57, "fields": {"name": "Can delete Form", "content_type": 19, "codename": "delete_form"}}, {"model": "auth.permission", "pk": 58, "fields": {"name": "Can add Field", "content_type": 20, "codename": "add_field"}}, {"model": "auth.permission", "pk": 59, "fields": {"name": "Can change Field", "content_type": 20, "codename": "change_field"}}, {"model": "auth.permission", "pk": 60, "fields": {"name": "Can delete Field", "content_type": 20, "codename": "delete_field"}}, {"model": "auth.permission", "pk": 61, "fields": {"name": "Can add Form entry", "content_type": 21, "codename": "add_formentry"}}, {"model": "auth.permission", "pk": 62, "fields": {"name": "Can change Form entry", "content_type": 21, "codename": "change_formentry"}}, {"model": "auth.permission", "pk": 63, "fields": {"name": "Can delete Form entry", "content_type": 21, "codename": "delete_formentry"}}, {"model": "auth.permission", "pk": 64, "fields": {"name": "Can add Form field entry", "content_type": 22, "codename": "add_fieldentry"}}, {"model": "auth.permission", "pk": 65, "fields": {"name": "Can change Form field entry", "content_type": 22, "codename": "change_fieldentry"}}, {"model": "auth.permission", "pk": 66, "fields": {"name": "Can delete Form field entry", "content_type": 22, "codename": "delete_fieldentry"}}, {"model": "auth.permission", "pk": 67, "fields": {"name": "Can add Gallery", "content_type": 23, "codename": "add_gallery"}}, {"model": "auth.permission", "pk": 68, "fields": {"name": "Can change Gallery", "content_type": 23, "codename": "change_gallery"}}, {"model": "auth.permission", "pk": 69, "fields": {"name": "Can delete Gallery", "content_type": 23, "codename": "delete_gallery"}}, {"model": "auth.permission", "pk": 70, "fields": {"name": "Can add Image", "content_type": 24, "codename": "add_galleryimage"}}, {"model": "auth.permission", "pk": 71, "fields": {"name": "Can change Image", "content_type": 24, "codename": "change_galleryimage"}}, {"model": "auth.permission", "pk": 72, "fields": {"name": "Can delete Image", "content_type": 24, "codename": "delete_galleryimage"}}, {"model": "auth.permission", "pk": 73, "fields": {"name": "Can add Twitter query", "content_type": 25, "codename": "add_query"}}, {"model": "auth.permission", "pk": 74, "fields": {"name": "Can change Twitter query", "content_type": 25, "codename": "change_query"}}, {"model": "auth.permission", "pk": 75, "fields": {"name": "Can delete Twitter query", "content_type": 25, "codename": "delete_query"}}, {"model": "auth.permission", "pk": 76, "fields": {"name": "Can add Tweet", "content_type": 26, "codename": "add_tweet"}}, {"model": "auth.permission", "pk": 77, "fields": {"name": "Can change Tweet", "content_type": 26, "codename": "change_tweet"}}, {"model": "auth.permission", "pk": 78, "fields": {"name": "Can delete Tweet", "content_type": 26, "codename": "delete_tweet"}}, {"model": "auth.permission", "pk": 79, "fields": {"name": "Can add Slide", "content_type": 27, "codename": "add_slide"}}, {"model": "auth.permission", "pk": 80, "fields": {"name": "Can change Slide", "content_type": 27, "codename": "change_slide"}}, {"model": "auth.permission", "pk": 81, "fields": {"name": "Can delete Slide", "content_type": 27, "codename": "delete_slide"}}, {"model": "auth.permission", "pk": 82, "fields": {"name": "Can add salary grade", "content_type": 28, "codename": "add_salarygrade"}}, {"model": "auth.permission", "pk": 83, "fields": {"name": "Can change salary grade", "content_type": 28, "codename": "change_salarygrade"}}, {"model": "auth.permission", "pk": 84, "fields": {"name": "Can delete salary grade", "content_type": 28, "codename": "delete_salarygrade"}}, {"model": "auth.permission", "pk": 85, "fields": {"name": "Can add qualification", "content_type": 29, "codename": "add_qualification"}}, {"model": "auth.permission", "pk": 86, "fields": {"name": "Can change qualification", "content_type": 29, "codename": "change_qualification"}}, {"model": "auth.permission", "pk": 87, "fields": {"name": "Can delete qualification", "content_type": 29, "codename": "delete_qualification"}}, {"model": "auth.permission", "pk": 88, "fields": {"name": "Can add position", "content_type": 30, "codename": "add_position"}}, {"model": "auth.permission", "pk": 89, "fields": {"name": "Can change position", "content_type": 30, "codename": "change_position"}}, {"model": "auth.permission", "pk": 90, "fields": {"name": "Can delete position", "content_type": 30, "codename": "delete_position"}}, {"model": "auth.permission", "pk": 91, "fields": {"name": "Can add qualification value", "content_type": 31, "codename": "add_qualificationvalue"}}, {"model": "auth.permission", "pk": 92, "fields": {"name": "Can change qualification value", "content_type": 31, "codename": "change_qualificationvalue"}}, {"model": "auth.permission", "pk": 93, "fields": {"name": "Can delete qualification value", "content_type": 31, "codename": "delete_qualificationvalue"}}, {"model": "auth.permission", "pk": 94, "fields": {"name": "Can add item", "content_type": 32, "codename": "add_item"}}, {"model": "auth.permission", "pk": 95, "fields": {"name": "Can change item", "content_type": 32, "codename": "change_item"}}, {"model": "auth.permission", "pk": 96, "fields": {"name": "Can delete item", "content_type": 32, "codename": "delete_item"}}, {"model": "auth.permission", "pk": 97, "fields": {"name": "Can add Vacancy", "content_type": 33, "codename": "add_vacancy"}}, {"model": "auth.permission", "pk": 98, "fields": {"name": "Can change Vacancy", "content_type": 33, "codename": "change_vacancy"}}, {"model": "auth.permission", "pk": 99, "fields": {"name": "Can delete Vacancy", "content_type": 33, "codename": "delete_vacancy"}}, {"model": "auth.permission", "pk": 100, "fields": {"name": "Can add person", "content_type": 34, "codename": "add_person"}}, {"model": "auth.permission", "pk": 101, "fields": {"name": "Can change person", "content_type": 34, "codename": "change_person"}}, {"model": "auth.permission", "pk": 102, "fields": {"name": "Can delete person", "content_type": 34, "codename": "delete_person"}}, {"model": "auth.permission", "pk": 103, "fields": {"name": "Can add RQA Entry", "content_type": 35, "codename": "add_registry"}}, {"model": "auth.permission", "pk": 104, "fields": {"name": "Can change RQA Entry", "content_type": 35, "codename": "change_registry"}}, {"model": "auth.permission", "pk": 105, "fields": {"name": "Can delete RQA Entry", "content_type": 35, "codename": "delete_registry"}}, {"model": "auth.permission", "pk": 106, "fields": {"name": "Can add item history", "content_type": 36, "codename": "add_itemhistory"}}, {"model": "auth.permission", "pk": 107, "fields": {"name": "Can change item history", "content_type": 36, "codename": "change_itemhistory"}}, {"model": "auth.permission", "pk": 108, "fields": {"name": "Can delete item history", "content_type": 36, "codename": "delete_itemhistory"}}, {"model": "auth.permission", "pk": 109, "fields": {"name": "Can add log entry", "content_type": 37, "codename": "add_logentry"}}, {"model": "auth.permission", "pk": 110, "fields": {"name": "Can change log entry", "content_type": 37, "codename": "change_logentry"}}, {"model": "auth.permission", "pk": 111, "fields": {"name": "Can delete log entry", "content_type": 37, "codename": "delete_logentry"}}, {"model": "auth.permission", "pk": 112, "fields": {"name": "Can add comment", "content_type": 38, "codename": "add_comment"}}, {"model": "auth.permission", "pk": 113, "fields": {"name": "Can change comment", "content_type": 38, "codename": "change_comment"}}, {"model": "auth.permission", "pk": 114, "fields": {"name": "Can delete comment", "content_type": 38, "codename": "delete_comment"}}, {"model": "auth.permission", "pk": 115, "fields": {"name": "Can moderate comments", "content_type": 38, "codename": "can_moderate"}}, {"model": "auth.permission", "pk": 116, "fields": {"name": "Can add comment flag", "content_type": 39, "codename": "add_commentflag"}}, {"model": "auth.permission", "pk": 117, "fields": {"name": "Can change comment flag", "content_type": 39, "codename": "change_commentflag"}}, {"model": "auth.permission", "pk": 118, "fields": {"name": "Can delete comment flag", "content_type": 39, "codename": "delete_commentflag"}}, {"model": "auth.group", "pk": 1, "fields": {"name": "ADMINISTRATION", "permissions": [52, 53, 54, 49, 50, 51, 112, 115, 113, 114, 116, 117, 118, 58, 59, 60, 64, 65, 66, 55, 56, 57, 61, 62, 63, 67, 68, 69, 70, 71, 72, 34, 35, 36, 31, 32, 33, 37, 38, 39, 28, 29, 30, 46, 47, 48, 40, 41, 42, 43, 44, 45, 94, 95, 96, 106, 107, 108, 100, 101, 102, 88, 89, 90, 85, 86, 87, 91, 92, 93, 103, 104, 105, 82, 83, 84, 97, 98, 99]}}, {"model": "auth.user", "pk": 1, "fields": {"password": "pbkdf2_sha256$24000$FWyD16Togen7$/Z2rB9LyZpiFNleQ1oGSKWxQQze4uhTayr6vvDatWQ0=", "last_login": "2016-03-21T03:39:35.969", "is_superuser": true, "username": "admin", "first_name": "", "last_name": "", "email": "admin@admin.com", "is_staff": true, "is_active": true, "date_joined": "2016-03-15T15:15:06.839", "groups": [], "user_permissions": []}}, {"model": "auth.user", "pk": 2, "fields": {"password": "pbkdf2_sha256$24000$YrYKp8VIJAZj$Lxacbmu8AxBY6GAvdF4y5DMyn7GDoTeW0H3kIHoGx8k=", "last_login": null, "is_superuser": false, "username": "e.comadizo", "first_name": "Eleonor", "last_name": "Comadizo", "email": "", "is_staff": true, "is_active": true, "date_joined": "2016-03-17T03:28:34", "groups": [1], "user_permissions": []}}, {"model": "core.sitepermission", "pk": 1, "fields": {"user": 2, "sites": [1]}}, {"model": "admin.logentry", "pk": 1, "fields": {"action_time": "2016-03-15T15:24:42.441", "user": 1, "content_type": 7, "object_id": "1", "object_repr": "localhost:8000", "action_flag": 2, "change_message": "Changed domain and name."}}, {"model": "admin.logentry", "pk": 2, "fields": {"action_time": "2016-03-15T15:27:24.237", "user": 1, "content_type": 31, "object_id": "8", "object_repr": "QualificationValue object", "action_flag": 2, "change_message": "Changed qualification."}}, {"model": "admin.logentry", "pk": 3, "fields": {"action_time": "2016-03-15T15:27:35.149", "user": 1, "content_type": 31, "object_id": "7", "object_repr": "QualificationValue object", "action_flag": 2, "change_message": "Changed qualification."}}, {"model": "admin.logentry", "pk": 4, "fields": {"action_time": "2016-03-15T15:27:39.577", "user": 1, "content_type": 31, "object_id": "6", "object_repr": "QualificationValue object", "action_flag": 2, "change_message": "Changed qualification."}}, {"model": "admin.logentry", "pk": 5, "fields": {"action_time": "2016-03-15T15:27:44.405", "user": 1, "content_type": 31, "object_id": "5", "object_repr": "QualificationValue object", "action_flag": 2, "change_message": "Changed qualification."}}, {"model": "admin.logentry", "pk": 6, "fields": {"action_time": "2016-03-15T15:27:50.584", "user": 1, "content_type": 31, "object_id": "5", "object_repr": "QualificationValue object", "action_flag": 2, "change_message": "No fields changed."}}, {"model": "admin.logentry", "pk": 7, "fields": {"action_time": "2016-03-15T15:27:55.720", "user": 1, "content_type": 31, "object_id": "4", "object_repr": "QualificationValue object", "action_flag": 2, "change_message": "Changed qualification."}}, {"model": "admin.logentry", "pk": 8, "fields": {"action_time": "2016-03-15T15:28:00.459", "user": 1, "content_type": 31, "object_id": "3", "object_repr": "QualificationValue object", "action_flag": 2, "change_message": "Changed qualification."}}, {"model": "admin.logentry", "pk": 9, "fields": {"action_time": "2016-03-15T15:28:05.662", "user": 1, "content_type": 31, "object_id": "2", "object_repr": "QualificationValue object", "action_flag": 2, "change_message": "Changed qualification."}}, {"model": "admin.logentry", "pk": 10, "fields": {"action_time": "2016-03-15T15:28:09.960", "user": 1, "content_type": 31, "object_id": "1", "object_repr": "QualificationValue object", "action_flag": 2, "change_message": "Changed qualification."}}, {"model": "admin.logentry", "pk": 11, "fields": {"action_time": "2016-03-15T15:28:24.711", "user": 1, "content_type": 29, "object_id": "0", "object_repr": "test", "action_flag": 3, "change_message": ""}}, {"model": "admin.logentry", "pk": 12, "fields": {"action_time": "2016-03-15T15:30:40.554", "user": 1, "content_type": 34, "object_id": "1", "object_repr": "Solo, Napoleon", "action_flag": 3, "change_message": ""}}, {"model": "admin.logentry", "pk": 13, "fields": {"action_time": "2016-03-15T15:34:39.500", "user": 1, "content_type": 16, "object_id": "1", "object_repr": "Vacancies", "action_flag": 1, "change_message": "Added."}}, {"model": "admin.logentry", "pk": 14, "fields": {"action_time": "2016-03-15T15:53:34.969", "user": 1, "content_type": 14, "object_id": "1", "object_repr": "Vacancies", "action_flag": 3, "change_message": ""}}, {"model": "admin.logentry", "pk": 15, "fields": {"action_time": "2016-03-17T02:22:47.788", "user": 1, "content_type": 30, "object_id": "7", "object_repr": "School Principal I", "action_flag": 2, "change_message": "Changed notes for qualification value \"QualificationValue object\"."}}, {"model": "admin.logentry", "pk": 16, "fields": {"action_time": "2016-03-17T02:47:06.397", "user": 1, "content_type": 30, "object_id": "7", "object_repr": "School Principal I", "action_flag": 2, "change_message": "No fields changed."}}, {"model": "admin.logentry", "pk": 17, "fields": {"action_time": "2016-03-17T03:22:11.821", "user": 1, "content_type": 2, "object_id": "1", "object_repr": "ADMINISTRATION", "action_flag": 1, "change_message": "Added."}}, {"model": "admin.logentry", "pk": 18, "fields": {"action_time": "2016-03-17T03:28:34.737", "user": 1, "content_type": 3, "object_id": "2", "object_repr": "e.comadizo", "action_flag": 1, "change_message": "Added."}}, {"model": "admin.logentry", "pk": 19, "fields": {"action_time": "2016-03-17T03:29:15.696", "user": 1, "content_type": 3, "object_id": "2", "object_repr": "e.comadizo", "action_flag": 2, "change_message": "Changed first_name, last_name and groups. Added Site permission \"SitePermission object\"."}}, {"model": "admin.logentry", "pk": 20, "fields": {"action_time": "2016-03-17T03:29:29.822", "user": 1, "content_type": 3, "object_id": "2", "object_repr": "e.comadizo", "action_flag": 2, "change_message": "Changed is_staff."}}, {"model": "admin.logentry", "pk": 21, "fields": {"action_time": "2016-03-21T05:35:29.013", "user": 1, "content_type": 15, "object_id": "2", "object_repr": "Home", "action_flag": 1, "change_message": "Added."}}, {"model": "admin.logentry", "pk": 22, "fields": {"action_time": "2016-03-21T05:36:03.407", "user": 1, "content_type": 16, "object_id": "3", "object_repr": "Vacancies", "action_flag": 1, "change_message": "Added."}}, {"model": "admin.logentry", "pk": 23, "fields": {"action_time": "2016-03-21T05:59:26.680", "user": 1, "content_type": 33, "object_id": "2", "object_repr": "2016-03-03 - 2016-03-23", "action_flag": 3, "change_message": ""}}, {"model": "admin.logentry", "pk": 24, "fields": {"action_time": "2016-03-21T05:59:26.683", "user": 1, "content_type": 33, "object_id": "1", "object_repr": "2016-03-08 - 2016-03-24", "action_flag": 3, "change_message": ""}}, {"model": "admin.logentry", "pk": 25, "fields": {"action_time": "2016-03-21T06:02:09.652", "user": 1, "content_type": 14, "object_id": "3", "object_repr": "Vacancies", "action_flag": 3, "change_message": ""}}, {"model": "admin.logentry", "pk": 26, "fields": {"action_time": "2016-03-21T06:02:27.903", "user": 1, "content_type": 33, "object_id": "4", "object_repr": "2016-03-21 - 2016-03-31", "action_flag": 1, "change_message": "Added."}}, {"model": "admin.logentry", "pk": 27, "fields": {"action_time": "2016-03-21T06:05:55.583", "user": 1, "content_type": 14, "object_id": "4", "object_repr": "Home / ", "action_flag": 3, "change_message": ""}}, {"model": "admin.logentry", "pk": 28, "fields": {"action_time": "2016-03-21T06:15:40.155", "user": 1, "content_type": 33, "object_id": "5", "object_repr": "2016-03-21 - 2016-03-31", "action_flag": 1, "change_message": "Added."}}, {"model": "admin.logentry", "pk": 29, "fields": {"action_time": "2016-03-21T06:18:35.993", "user": 1, "content_type": 14, "object_id": "5", "object_repr": "March 21, 2016", "action_flag": 3, "change_message": ""}}, {"model": "admin.logentry", "pk": 30, "fields": {"action_time": "2016-03-21T06:18:49.633", "user": 1, "content_type": 33, "object_id": "6", "object_repr": "2016-03-21 - 2016-03-31", "action_flag": 1, "change_message": "Added."}}, {"model": "admin.logentry", "pk": 31, "fields": {"action_time": "2016-03-21T06:19:31.999", "user": 1, "content_type": 14, "object_id": "6", "object_repr": "March 21, 2016", "action_flag": 3, "change_message": ""}}, {"model": "admin.logentry", "pk": 32, "fields": {"action_time": "2016-03-21T06:19:45.926", "user": 1, "content_type": 33, "object_id": "7", "object_repr": "2016-03-21 - 2016-03-30", "action_flag": 1, "change_message": "Added."}}, {"model": "admin.logentry", "pk": 33, "fields": {"action_time": "2016-03-21T06:22:59.773", "user": 1, "content_type": 14, "object_id": "7", "object_repr": "March 21, 2016", "action_flag": 3, "change_message": ""}}, {"model": "admin.logentry", "pk": 34, "fields": {"action_time": "2016-03-21T06:23:13.622", "user": 1, "content_type": 33, "object_id": "8", "object_repr": "2016-03-21 - 2016-03-31", "action_flag": 1, "change_message": "Added."}}, {"model": "admin.logentry", "pk": 35, "fields": {"action_time": "2016-03-21T06:50:42.167", "user": 1, "content_type": 15, "object_id": "9", "object_repr": "Vacancy", "action_flag": 1, "change_message": "Added."}}, {"model": "admin.logentry", "pk": 36, "fields": {"action_time": "2016-03-21T06:51:54.028", "user": 1, "content_type": 14, "object_id": "9", "object_repr": "Vacancy", "action_flag": 3, "change_message": ""}}, {"model": "admin.logentry", "pk": 37, "fields": {"action_time": "2016-03-21T06:52:13.451", "user": 1, "content_type": 16, "object_id": "10", "object_repr": "Vacancies", "action_flag": 1, "change_message": "Added."}}, {"model": "admin.logentry", "pk": 38, "fields": {"action_time": "2016-03-21T06:53:09.972", "user": 1, "content_type": 14, "object_id": "8", "object_repr": "Vacancies / March 21, 2016", "action_flag": 3, "change_message": ""}}, {"model": "admin.logentry", "pk": 39, "fields": {"action_time": "2016-03-21T06:53:32.540", "user": 1, "content_type": 33, "object_id": "11", "object_repr": "2016-03-21 - 2016-03-31", "action_flag": 1, "change_message": "Added."}}, {"model": "admin.logentry", "pk": 40, "fields": {"action_time": "2016-03-21T06:54:06.569", "user": 1, "content_type": 16, "object_id": "10", "object_repr": "Vacancies", "action_flag": 2, "change_message": "Changed slug."}}, {"model": "admin.logentry", "pk": 41, "fields": {"action_time": "2016-03-21T07:24:13.213", "user": 1, "content_type": 33, "object_id": "11", "object_repr": "2016-03-08 - 2016-03-31", "action_flag": 2, "change_message": "Changed pub_date."}}, {"model": "admin.logentry", "pk": 42, "fields": {"action_time": "2016-03-21T07:34:16.528", "user": 1, "content_type": 33, "object_id": "11", "object_repr": "2016-03-07 - 2016-03-31", "action_flag": 2, "change_message": "Changed pub_date."}}, {"model": "admin.logentry", "pk": 43, "fields": {"action_time": "2016-03-21T07:36:59.394", "user": 1, "content_type": 33, "object_id": "11", "object_repr": "2016-03-08 - 2016-03-31", "action_flag": 2, "change_message": "Changed pub_date."}}, {"model": "admin.logentry", "pk": 44, "fields": {"action_time": "2016-03-21T07:37:28.128", "user": 1, "content_type": 33, "object_id": "12", "object_repr": "2016-03-03 - 2016-03-31", "action_flag": 1, "change_message": "Added."}}, {"model": "admin.logentry", "pk": 45, "fields": {"action_time": "2016-03-21T07:54:21.204", "user": 1, "content_type": 33, "object_id": "13", "object_repr": "2016-03-21 - 2016-03-31", "action_flag": 1, "change_message": "Added."}}, {"model": "admin.logentry", "pk": 46, "fields": {"action_time": "2016-03-21T08:11:53.577", "user": 1, "content_type": 33, "object_id": "14", "object_repr": "2016-03-15 - 2016-03-21", "action_flag": 1, "change_message": "Added."}}, {"model": "admin.logentry", "pk": 47, "fields": {"action_time": "2016-03-21T08:31:22.042", "user": 1, "content_type": 33, "object_id": "15", "object_repr": "2016-03-10 - 2016-03-21", "action_flag": 1, "change_message": "Added."}}, {"model": "admin.logentry", "pk": 48, "fields": {"action_time": "2016-03-21T08:32:54.240", "user": 1, "content_type": 14, "object_id": "15", "object_repr": "Vacancies / March 10, 2016", "action_flag": 3, "change_message": ""}}, {"model": "admin.logentry", "pk": 49, "fields": {"action_time": "2016-03-21T08:45:02.440", "user": 1, "content_type": 33, "object_id": "16", "object_repr": "2016-03-10 - 2016-03-31", "action_flag": 1, "change_message": "Added."}}, {"model": "admin.logentry", "pk": 50, "fields": {"action_time": "2016-03-21T08:49:57.740", "user": 1, "content_type": 33, "object_id": "17", "object_repr": "2016-03-11 - 2016-03-21", "action_flag": 1, "change_message": "Added."}}, {"model": "admin.logentry", "pk": 51, "fields": {"action_time": "2016-03-21T08:53:23.159", "user": 1, "content_type": 14, "object_id": "17", "object_repr": "Vacancies / March 11, 2016", "action_flag": 3, "change_message": ""}}, {"model": "admin.logentry", "pk": 52, "fields": {"action_time": "2016-03-21T08:53:25.941", "user": 1, "content_type": 14, "object_id": "16", "object_repr": "Vacancies / March 10, 2016", "action_flag": 3, "change_message": ""}}, {"model": "admin.logentry", "pk": 53, "fields": {"action_time": "2016-03-21T08:58:16.913", "user": 1, "content_type": 33, "object_id": "18", "object_repr": "2016-03-10 - 2016-03-21", "action_flag": 1, "change_message": "Added."}}, {"model": "admin.logentry", "pk": 54, "fields": {"action_time": "2016-03-21T08:58:48.271", "user": 1, "content_type": 14, "object_id": "13", "object_repr": "Vacancies / March 21, 2016", "action_flag": 3, "change_message": ""}}, {"model": "admin.logentry", "pk": 55, "fields": {"action_time": "2016-03-21T08:58:58.112", "user": 1, "content_type": 14, "object_id": "18", "object_repr": "Vacancies / March 10, 2016", "action_flag": 3, "change_message": ""}}, {"model": "admin.logentry", "pk": 56, "fields": {"action_time": "2016-03-21T08:59:05.687", "user": 1, "content_type": 14, "object_id": "14", "object_repr": "Vacancies / March 15, 2016", "action_flag": 3, "change_message": ""}}, {"model": "admin.logentry", "pk": 57, "fields": {"action_time": "2016-03-21T08:59:08.505", "user": 1, "content_type": 14, "object_id": "11", "object_repr": "Vacancies / March 08, 2016", "action_flag": 3, "change_message": ""}}, {"model": "admin.logentry", "pk": 58, "fields": {"action_time": "2016-03-21T08:59:11.025", "user": 1, "content_type": 14, "object_id": "12", "object_repr": "Vacancies / March 03, 2016", "action_flag": 3, "change_message": ""}}, {"model": "admin.logentry", "pk": 59, "fields": {"action_time": "2016-03-22T01:44:57.128", "user": 1, "content_type": 33, "object_id": "19", "object_repr": "2016-03-22 09:44:47+08:00 - 2016-03-31 09:44:50+08:00", "action_flag": 1, "change_message": "Added."}}, {"model": "admin.logentry", "pk": 60, "fields": {"action_time": "2016-03-22T01:56:50.242", "user": 1, "content_type": 14, "object_id": "19", "object_repr": "Vacancies / March 22, 2016", "action_flag": 3, "change_message": ""}}, {"model": "admin.logentry", "pk": 61, "fields": {"action_time": "2016-03-22T02:07:54.956", "user": 1, "content_type": 33, "object_id": "20", "object_repr": "2016-03-08 00:00:00+08:00 - 2016-03-19 00:00:00+08:00", "action_flag": 1, "change_message": "Added."}}, {"model": "admin.logentry", "pk": 62, "fields": {"action_time": "2016-03-22T02:15:44.261", "user": 1, "content_type": 33, "object_id": "21", "object_repr": "2016-03-03 00:00:00+08:00 - 2016-03-18 00:00:00+08:00", "action_flag": 1, "change_message": "Added."}}, {"model": "admin.logentry", "pk": 63, "fields": {"action_time": "2016-03-22T02:18:20.548", "user": 1, "content_type": 33, "object_id": "20", "object_repr": "2016-03-08 00:00:01+08:00 - 2016-03-19 00:00:00+08:00", "action_flag": 2, "change_message": "Changed publish_date."}}, {"model": "admin.logentry", "pk": 64, "fields": {"action_time": "2016-03-22T02:18:44.262", "user": 1, "content_type": 33, "object_id": "20", "object_repr": "2016-03-08 00:00:00+08:00 - 2016-03-19 00:00:00+08:00", "action_flag": 2, "change_message": "Changed publish_date."}}, {"model": "admin.logentry", "pk": 65, "fields": {"action_time": "2016-03-22T02:27:14.534", "user": 1, "content_type": 33, "object_id": "20", "object_repr": "2016-03-08 08:00:00+08:00 - 2016-03-19 00:00:00+08:00", "action_flag": 2, "change_message": "Changed publish_date."}}, {"model": "admin.logentry", "pk": 66, "fields": {"action_time": "2016-03-22T02:32:21.360", "user": 1, "content_type": 33, "object_id": "20", "object_repr": "2016-03-08 00:00:00+08:00 - 2016-03-19 00:00:00+08:00", "action_flag": 2, "change_message": "Changed publish_date."}}, {"model": "admin.logentry", "pk": 67, "fields": {"action_time": "2016-03-22T11:08:01.849", "user": 1, "content_type": 33, "object_id": "20", "object_repr": "2016-03-08 00:00:00 - 2016-03-19 00:00:00", "action_flag": 2, "change_message": "Changed publish_date and expiry_date."}}, {"model": "admin.logentry", "pk": 68, "fields": {"action_time": "2016-03-22T11:08:18.929", "user": 1, "content_type": 33, "object_id": "21", "object_repr": "2016-03-03 00:00:00 - 2016-03-18 00:00:00", "action_flag": 2, "change_message": "Changed publish_date and expiry_date."}}, {"model": "admin.logentry", "pk": 69, "fields": {"action_time": "2016-03-22T12:40:24.751", "user": 1, "content_type": 15, "object_id": "2", "object_repr": "Home", "action_flag": 2, "change_message": "Changed content and keywords."}}, {"model": "admin.logentry", "pk": 70, "fields": {"action_time": "2016-03-22T12:42:00.530", "user": 1, "content_type": 15, "object_id": "2", "object_repr": "Home", "action_flag": 2, "change_message": "Changed content, description and keywords."}}, {"model": "admin.logentry", "pk": 71, "fields": {"action_time": "2016-03-22T12:43:27.593", "user": 1, "content_type": 15, "object_id": "2", "object_repr": "Home", "action_flag": 2, "change_message": "Changed content, description and keywords."}}, {"model": "admin.logentry", "pk": 72, "fields": {"action_time": "2016-03-22T12:45:29.136", "user": 1, "content_type": 15, "object_id": "2", "object_repr": "Home", "action_flag": 2, "change_message": "Changed content and keywords."}}, {"model": "admin.logentry", "pk": 73, "fields": {"action_time": "2016-03-22T12:47:03.662", "user": 1, "content_type": 15, "object_id": "2", "object_repr": "Home", "action_flag": 2, "change_message": "Changed content and keywords."}}, {"model": "admin.logentry", "pk": 74, "fields": {"action_time": "2016-03-22T12:48:31.015", "user": 1, "content_type": 15, "object_id": "2", "object_repr": "Home", "action_flag": 2, "change_message": "Changed content and keywords."}}, {"model": "admin.logentry", "pk": 75, "fields": {"action_time": "2016-03-22T12:49:47.604", "user": 1, "content_type": 15, "object_id": "2", "object_repr": "Home", "action_flag": 2, "change_message": "Changed content and keywords."}}, {"model": "admin.logentry", "pk": 76, "fields": {"action_time": "2016-03-22T12:50:21.714", "user": 1, "content_type": 15, "object_id": "2", "object_repr": "Home", "action_flag": 2, "change_message": "Changed content and keywords."}}, {"model": "admin.logentry", "pk": 77, "fields": {"action_time": "2016-03-22T12:51:03.750", "user": 1, "content_type": 15, "object_id": "2", "object_repr": "Home", "action_flag": 2, "change_message": "Changed content, description and keywords."}}, {"model": "admin.logentry", "pk": 78, "fields": {"action_time": "2016-03-22T12:51:56.407", "user": 1, "content_type": 15, "object_id": "2", "object_repr": "Home", "action_flag": 2, "change_message": "Changed content, description and keywords."}}, {"model": "admin.logentry", "pk": 79, "fields": {"action_time": "2016-03-22T12:52:13.485", "user": 1, "content_type": 15, "object_id": "2", "object_repr": "Home", "action_flag": 2, "change_message": "Changed content, description and keywords."}}, {"model": "admin.logentry", "pk": 80, "fields": {"action_time": "2016-03-22T12:53:24.604", "user": 1, "content_type": 15, "object_id": "2", "object_repr": "Home", "action_flag": 2, "change_message": "Changed content, description and keywords."}}, {"model": "admin.logentry", "pk": 81, "fields": {"action_time": "2016-03-22T12:53:49.602", "user": 1, "content_type": 15, "object_id": "2", "object_repr": "Home", "action_flag": 2, "change_message": "Changed content, description and keywords."}}, {"model": "admin.logentry", "pk": 82, "fields": {"action_time": "2016-03-22T12:55:41.734", "user": 1, "content_type": 15, "object_id": "2", "object_repr": "Home", "action_flag": 2, "change_message": "Changed content, description and keywords."}}, {"model": "admin.logentry", "pk": 83, "fields": {"action_time": "2016-03-22T12:56:32.670", "user": 1, "content_type": 15, "object_id": "2", "object_repr": "Home", "action_flag": 2, "change_message": "Changed content, description and keywords."}}, {"model": "admin.logentry", "pk": 84, "fields": {"action_time": "2016-03-22T12:57:24.306", "user": 1, "content_type": 15, "object_id": "2", "object_repr": "Home", "action_flag": 2, "change_message": "Changed content, description and keywords."}}, {"model": "admin.logentry", "pk": 85, "fields": {"action_time": "2016-03-22T12:58:48.966", "user": 1, "content_type": 15, "object_id": "2", "object_repr": "Home", "action_flag": 2, "change_message": "Changed content, description and keywords."}}, {"model": "admin.logentry", "pk": 86, "fields": {"action_time": "2016-03-22T12:59:28.232", "user": 1, "content_type": 15, "object_id": "2", "object_repr": "Home", "action_flag": 2, "change_message": "Changed content and keywords."}}, {"model": "admin.logentry", "pk": 87, "fields": {"action_time": "2016-03-22T13:00:12.146", "user": 1, "content_type": 15, "object_id": "2", "object_repr": "Home", "action_flag": 2, "change_message": "Changed content and keywords."}}, {"model": "admin.logentry", "pk": 88, "fields": {"action_time": "2016-03-22T13:01:00.415", "user": 1, "content_type": 15, "object_id": "2", "object_repr": "Home", "action_flag": 2, "change_message": "Changed content, description and keywords."}}, {"model": "admin.logentry", "pk": 89, "fields": {"action_time": "2016-03-22T13:01:45.176", "user": 1, "content_type": 15, "object_id": "2", "object_repr": "Home", "action_flag": 2, "change_message": "Changed content, description and keywords."}}, {"model": "admin.logentry", "pk": 90, "fields": {"action_time": "2016-03-22T13:02:41.866", "user": 1, "content_type": 15, "object_id": "2", "object_repr": "Home", "action_flag": 2, "change_message": "Changed content, description and keywords."}}, {"model": "admin.logentry", "pk": 91, "fields": {"action_time": "2016-03-22T13:14:50.879", "user": 1, "content_type": 15, "object_id": "2", "object_repr": "Home", "action_flag": 2, "change_message": "Changed content, description and keywords."}}, {"model": "admin.logentry", "pk": 92, "fields": {"action_time": "2016-03-22T13:15:25.371", "user": 1, "content_type": 15, "object_id": "2", "object_repr": "Home", "action_flag": 2, "change_message": "Changed content and keywords."}}, {"model": "admin.logentry", "pk": 93, "fields": {"action_time": "2016-03-22T13:16:07.819", "user": 1, "content_type": 15, "object_id": "2", "object_repr": "Home", "action_flag": 2, "change_message": "Changed content and keywords."}}, {"model": "admin.logentry", "pk": 94, "fields": {"action_time": "2016-03-22T13:16:40.062", "user": 1, "content_type": 15, "object_id": "2", "object_repr": "Home", "action_flag": 2, "change_message": "Changed content and keywords."}}, {"model": "admin.logentry", "pk": 95, "fields": {"action_time": "2016-03-22T13:19:25.340", "user": 1, "content_type": 15, "object_id": "2", "object_repr": "Home", "action_flag": 2, "change_message": "Changed content and keywords."}}, {"model": "admin.logentry", "pk": 96, "fields": {"action_time": "2016-03-22T13:20:49.569", "user": 1, "content_type": 15, "object_id": "2", "object_repr": "Home", "action_flag": 2, "change_message": "Changed content, description and keywords."}}, {"model": "admin.logentry", "pk": 97, "fields": {"action_time": "2016-03-22T13:22:09.256", "user": 1, "content_type": 15, "object_id": "2", "object_repr": "Home", "action_flag": 2, "change_message": "Changed content, description and keywords."}}, {"model": "admin.logentry", "pk": 98, "fields": {"action_time": "2016-03-22T13:22:35.791", "user": 1, "content_type": 15, "object_id": "2", "object_repr": "Home", "action_flag": 2, "change_message": "Changed content, description and keywords."}}, {"model": "admin.logentry", "pk": 99, "fields": {"action_time": "2016-03-22T13:23:23.224", "user": 1, "content_type": 15, "object_id": "2", "object_repr": "Home", "action_flag": 2, "change_message": "Changed content, description and keywords."}}, {"model": "admin.logentry", "pk": 100, "fields": {"action_time": "2016-03-22T13:24:04.154", "user": 1, "content_type": 15, "object_id": "2", "object_repr": "Home", "action_flag": 2, "change_message": "Changed content, description and keywords."}}, {"model": "admin.logentry", "pk": 101, "fields": {"action_time": "2016-03-22T13:24:36.131", "user": 1, "content_type": 15, "object_id": "2", "object_repr": "Home", "action_flag": 2, "change_message": "Changed content, description and keywords."}}, {"model": "admin.logentry", "pk": 102, "fields": {"action_time": "2016-03-22T13:25:33.171", "user": 1, "content_type": 15, "object_id": "2", "object_repr": "Home", "action_flag": 2, "change_message": "Changed content, description and keywords."}}, {"model": "admin.logentry", "pk": 103, "fields": {"action_time": "2016-03-22T13:26:02.693", "user": 1, "content_type": 15, "object_id": "2", "object_repr": "Home", "action_flag": 2, "change_message": "Changed content, description and keywords."}}, {"model": "admin.logentry", "pk": 104, "fields": {"action_time": "2016-03-22T13:26:33.257", "user": 1, "content_type": 15, "object_id": "2", "object_repr": "Home", "action_flag": 2, "change_message": "Changed content, description and keywords."}}, {"model": "admin.logentry", "pk": 105, "fields": {"action_time": "2016-03-22T13:27:10.245", "user": 1, "content_type": 15, "object_id": "2", "object_repr": "Home", "action_flag": 2, "change_message": "Changed content, description and keywords."}}, {"model": "admin.logentry", "pk": 106, "fields": {"action_time": "2016-03-22T13:27:39.654", "user": 1, "content_type": 15, "object_id": "2", "object_repr": "Home", "action_flag": 2, "change_message": "Changed content, description and keywords."}}, {"model": "admin.logentry", "pk": 107, "fields": {"action_time": "2016-03-22T13:27:57.229", "user": 1, "content_type": 15, "object_id": "2", "object_repr": "Home", "action_flag": 2, "change_message": "Changed content, description and keywords."}}, {"model": "admin.logentry", "pk": 108, "fields": {"action_time": "2016-03-22T13:28:48.613", "user": 1, "content_type": 15, "object_id": "2", "object_repr": "Home", "action_flag": 2, "change_message": "Changed content, description and keywords."}}, {"model": "admin.logentry", "pk": 109, "fields": {"action_time": "2016-03-22T13:29:22.198", "user": 1, "content_type": 15, "object_id": "2", "object_repr": "Home", "action_flag": 2, "change_message": "Changed content, description and keywords."}}, {"model": "admin.logentry", "pk": 110, "fields": {"action_time": "2016-03-22T13:29:50.372", "user": 1, "content_type": 15, "object_id": "2", "object_repr": "Home", "action_flag": 2, "change_message": "Changed content, description and keywords."}}]