[{"model": "vacancy.salarygrade", "pk": 1, "fields": {"salary_grade": 1, "monthly_salary": "9478.00"}}, {"model": "vacancy.salarygrade", "pk": 2, "fields": {"salary_grade": 2, "monthly_salary": "10159.00"}}, {"model": "vacancy.salarygrade", "pk": 3, "fields": {"salary_grade": 3, "monthly_salary": "10883.00"}}, {"model": "vacancy.salarygrade", "pk": 4, "fields": {"salary_grade": 4, "monthly_salary": "11658.00"}}, {"model": "vacancy.salarygrade", "pk": 5, "fields": {"salary_grade": 5, "monthly_salary": "12448.00"}}, {"model": "vacancy.salarygrade", "pk": 6, "fields": {"salary_grade": 6, "monthly_salary": "13378.00"}}, {"model": "vacancy.salarygrade", "pk": 7, "fields": {"salary_grade": 7, "monthly_salary": "14331.00"}}, {"model": "vacancy.salarygrade", "pk": 8, "fields": {"salary_grade": 8, "monthly_salary": "15368.00"}}, {"model": "vacancy.salarygrade", "pk": 9, "fields": {"salary_grade": 9, "monthly_salary": "16512.00"}}, {"model": "vacancy.salarygrade", "pk": 10, "fields": {"salary_grade": 10, "monthly_salary": "17730.00"}}, {"model": "vacancy.salarygrade", "pk": 11, "fields": {"salary_grade": 11, "monthly_salary": "19077.00"}}, {"model": "vacancy.salarygrade", "pk": 12, "fields": {"salary_grade": 12, "monthly_salary": "20651.00"}}, {"model": "vacancy.salarygrade", "pk": 13, "fields": {"salary_grade": 13, "monthly_salary": "22328.00"}}, {"model": "vacancy.salarygrade", "pk": 14, "fields": {"salary_grade": 14, "monthly_salary": "24141.00"}}, {"model": "vacancy.salarygrade", "pk": 15, "fields": {"salary_grade": 15, "monthly_salary": "26192.00"}}, {"model": "vacancy.salarygrade", "pk": 16, "fields": {"salary_grade": 16, "monthly_salary": "28417.00"}}, {"model": "vacancy.salarygrade", "pk": 17, "fields": {"salary_grade": 17, "monthly_salary": "30831.00"}}, {"model": "vacancy.salarygrade", "pk": 18, "fields": {"salary_grade": 18, "monthly_salary": "33452.00"}}, {"model": "vacancy.salarygrade", "pk": 19, "fields": {"salary_grade": 19, "monthly_salary": "36409.00"}}, {"model": "vacancy.salarygrade", "pk": 20, "fields": {"salary_grade": 20, "monthly_salary": "39768.00"}}, {"model": "vacancy.salarygrade", "pk": 21, "fields": {"salary_grade": 21, "monthly_salary": "43439.00"}}, {"model": "vacancy.salarygrade", "pk": 22, "fields": {"salary_grade": 22, "monthly_salary": "47448.00"}}, {"model": "vacancy.salarygrade", "pk": 23, "fields": {"salary_grade": 23, "monthly_salary": "51826.00"}}, {"model": "vacancy.salarygrade", "pk": 24, "fields": {"salary_grade": 24, "monthly_salary": "56610.00"}}, {"model": "vacancy.salarygrade", "pk": 25, "fields": {"salary_grade": 25, "monthly_salary": "61971.00"}}, {"model": "vacancy.salarygrade", "pk": 26, "fields": {"salary_grade": 26, "monthly_salary": "67690.00"}}, {"model": "vacancy.salarygrade", "pk": 27, "fields": {"salary_grade": 27, "monthly_salary": "73937.00"}}, {"model": "vacancy.salarygrade", "pk": 28, "fields": {"salary_grade": 28, "monthly_salary": "80760.00"}}, {"model": "vacancy.salarygrade", "pk": 29, "fields": {"salary_grade": 29, "monthly_salary": "88214.00"}}, {"model": "vacancy.salarygrade", "pk": 30, "fields": {"salary_grade": 30, "monthly_salary": "96354.00"}}, {"model": "vacancy.salarygrade", "pk": 31, "fields": {"salary_grade": 31, "monthly_salary": "117086.00"}}, {"model": "vacancy.salarygrade", "pk": 32, "fields": {"salary_grade": 32, "monthly_salary": "135376.00"}}, {"model": "vacancy.salarygrade", "pk": 33, "fields": {"salary_grade": 33, "monthly_salary": "160924.00"}}, {"model": "vacancy.position", "pk": 1, "fields": {"name": "Teacher I", "salary_grade": 11, "category": "TS"}}, {"model": "vacancy.position", "pk": 2, "fields": {"name": "Teacher II", "salary_grade": 12, "category": "TS"}}, {"model": "vacancy.position", "pk": 3, "fields": {"name": "Teacher III", "salary_grade": 13, "category": "TS"}}, {"model": "vacancy.position", "pk": 4, "fields": {"name": "Master Teacher I", "salary_grade": 18, "category": "TS"}}, {"model": "vacancy.position", "pk": 5, "fields": {"name": "Master Teacher II", "salary_grade": 19, "category": "TS"}}, {"model": "vacancy.position", "pk": 6, "fields": {"name": "Master Teacher III", "salary_grade": 20, "category": "TS"}}, {"model": "vacancy.position", "pk": 7, "fields": {"name": "School Principal I", "salary_grade": 19, "category": "TR"}}, {"model": "vacancy.qualificationvalue", "pk": 1, "fields": {"position": 1, "qualification": null, "education": "BSED/BEED or its equivalent", "work_experience": "None required", "training": 0, "eligibility": "LET/PBET"}}, {"model": "vacancy.qualificationvalue", "pk": 2, "fields": {"position": 2, "qualification": null, "education": "BSED/BEED or its equiv + 20 MA units", "work_experience": "3 years relevant experience", "training": 8, "eligibility": "LET/PBET"}}, {"model": "vacancy.qualificationvalue", "pk": 3, "fields": {"position": 3, "qualification": null, "education": "BSED/BEED or its equiv + 20 MA units", "work_experience": "20 years relevant experience", "training": 8, "eligibility": "LET/PBET"}}, {"model": "vacancy.qualificationvalue", "pk": 4, "fields": {"position": 3, "qualification": null, "education": "MA in education", "work_experience": "3 years relevant experience", "training": 8, "eligibility": "LET/PBET"}}, {"model": "vacancy.qualificationvalue", "pk": 5, "fields": {"position": 4, "qualification": null, "education": "Bachelor's Deg. in Education or its equivalent plus 18 units for a Master's Degree", "work_experience": "3 years as Teacher", "training": 4, "eligibility": "LET/PBET"}}, {"model": "vacancy.qualificationvalue", "pk": 6, "fields": {"position": 5, "qualification": null, "education": "Bachelor's Deg. in Education or its equivalent plus complete academic requirements for Master's Degree", "work_experience": "1 year as MT1", "training": 4, "eligibility": "LET/PBET"}}, {"model": "vacancy.qualificationvalue", "pk": 7, "fields": {"position": 6, "qualification": null, "education": "test1", "work_experience": "1 yr", "training": 2, "eligibility": "LET/PBET"}}, {"model": "vacancy.qualificationvalue", "pk": 8, "fields": {"position": 7, "qualification": null, "education": "Bachelor's Degree in Education or its equivalent", "work_experience": "1yr as MT2 or 2yrs as MTI; or 2 yrs as HT; / or 2 yrs as TIC or 3 years as Tea. 3 or 4yrs as Tea. 2 or 5 yrs as Tea 1;", "training": 8, "eligibility": "LET/PBET"}}, {"model": "vacancy.item", "pk": 1, "fields": {"number": "OSEC-DECSB-TCH1-750085-2000", "position": 1, "station_name": "Tagbitan-ag NHS", "station_type": "HS", "filled": false, "is_new": false}}, {"model": "vacancy.item", "pk": 2, "fields": {"number": "OSEC-DECSB-TCH1-751182-2015", "position": 1, "station_name": "Balet NHS", "station_type": "HS", "filled": false, "is_new": false}}, {"model": "vacancy.item", "pk": 3, "fields": {"number": "OSEC-DECSB-MTCHR2-750550-1998", "position": 5, "station_name": "", "station_type": "HS", "filled": false, "is_new": false}}, {"model": "vacancy.item", "pk": 4, "fields": {"number": "OSEC-DECSB-MTCHR1-751542-1998", "position": 4, "station_name": "", "station_type": "HS", "filled": false, "is_new": false}}, {"model": "vacancy.item", "pk": 6, "fields": {"number": "OSEC-DECSB-TCH3-750029-2002", "position": 3, "station_name": "Tagbitan-ag NHS", "station_type": "HS", "filled": false, "is_new": false}}, {"model": "vacancy.item", "pk": 7, "fields": {"number": "OSEC-DECSB-TCH2-750050-2003", "position": 2, "station_name": "Cogon NHS", "station_type": "HS", "filled": false, "is_new": false}}, {"model": "vacancy.item", "pk": 8, "fields": {"number": "OSEC-DECSB-TCH2-750010-2014", "position": 2, "station_name": "Cogon NHS", "station_type": "HS", "filled": false, "is_new": false}}, {"model": "vacancy.item", "pk": 9, "fields": {"number": "OSEC-DECSB-TCH3-750098-2008", "position": 3, "station_name": "Don Dasalla NHS", "station_type": "HS", "filled": false, "is_new": false}}, {"model": "vacancy.item", "pk": 10, "fields": {"number": "OSEC-DECSB-TCH3-750032-2006", "position": 3, "station_name": "Balet NHS", "station_type": "HS", "filled": false, "is_new": false}}, {"model": "vacancy.item", "pk": 11, "fields": {"number": "OSEC-DECSB-SP1-750249-2010", "position": 7, "station_name": "", "station_type": "ES", "filled": false, "is_new": false}}, {"model": "vacancy.item", "pk": 12, "fields": {"number": "OSEC-DECSB-SP1-750247-2010", "position": 7, "station_name": "", "station_type": "ES", "filled": false, "is_new": false}}, {"model": "vacancy.item", "pk": 13, "fields": {"number": "OSEC-DECSB-TCH1-750489-2016", "position": 1, "station_name": "", "station_type": "ES", "filled": false, "is_new": true}}, {"model": "vacancy.item", "pk": 14, "fields": {"number": "OSEC-DECSB-TCH1-750490-2016", "position": 1, "station_name": "", "station_type": "ES", "filled": false, "is_new": true}}, {"model": "vacancy.item", "pk": 15, "fields": {"number": "OSEC-DECSB-TCH1-750491-2016", "position": 1, "station_name": "", "station_type": "ES", "filled": false, "is_new": true}}, {"model": "vacancy.item", "pk": 16, "fields": {"number": "OSEC-DECSB-TCH1-750492-2016", "position": 1, "station_name": "", "station_type": "ES", "filled": false, "is_new": true}}, {"model": "vacancy.item", "pk": 17, "fields": {"number": "OSEC-DECSB-TCH1-750493-2016", "position": 1, "station_name": "", "station_type": "ES", "filled": false, "is_new": true}}, {"model": "vacancy.item", "pk": 18, "fields": {"number": "OSEC-DECSB-TCH1-750494-2016", "position": 1, "station_name": "", "station_type": "ES", "filled": false, "is_new": true}}, {"model": "vacancy.item", "pk": 19, "fields": {"number": "OSEC-DECSB-TCH1-750495-2016", "position": 1, "station_name": "", "station_type": "ES", "filled": false, "is_new": true}}, {"model": "vacancy.item", "pk": 20, "fields": {"number": "OSEC-DECSB-TCH1-750496-2016", "position": 1, "station_name": "", "station_type": "ES", "filled": false, "is_new": true}}, {"model": "vacancy.item", "pk": 21, "fields": {"number": "OSEC-DECSB-TCH1-750497-2016", "position": 1, "station_name": "", "station_type": "ES", "filled": false, "is_new": true}}, {"model": "vacancy.item", "pk": 22, "fields": {"number": "OSEC-DECSB-TCH1-750498-2016", "position": 1, "station_name": "", "station_type": "ES", "filled": false, "is_new": true}}, {"model": "vacancy.item", "pk": 23, "fields": {"number": "OSEC-DECSB-TCH1-750499-2016", "position": 1, "station_name": "", "station_type": "ES", "filled": false, "is_new": true}}, {"model": "vacancy.item", "pk": 24, "fields": {"number": "OSEC-DECSB-TCH1-750500-2016", "position": 1, "station_name": "", "station_type": "ES", "filled": false, "is_new": true}}, {"model": "vacancy.item", "pk": 25, "fields": {"number": "OSEC-DECSB-TCH1-750501-2016", "position": 1, "station_name": "", "station_type": "ES", "filled": false, "is_new": true}}, {"model": "vacancy.item", "pk": 26, "fields": {"number": "OSEC-DECSB-TCH1-750502-2016", "position": 1, "station_name": "", "station_type": "ES", "filled": false, "is_new": true}}, {"model": "vacancy.item", "pk": 27, "fields": {"number": "OSEC-DECSB-TCH1-750503-2016", "position": 1, "station_name": "", "station_type": "ES", "filled": false, "is_new": true}}, {"model": "vacancy.item", "pk": 28, "fields": {"number": "OSEC-DECSB-TCH1-750518-2016", "position": 1, "station_name": "Anonang NHS", "station_type": "HS", "filled": false, "is_new": true}}, {"model": "vacancy.item", "pk": 29, "fields": {"number": "OSEC-DECSB-TCH1-750519-2016", "position": 1, "station_name": "Mambago-B NHS", "station_type": "HS", "filled": false, "is_new": true}}, {"model": "vacancy.item", "pk": 30, "fields": {"number": "OSEC-DECSB-TCH1-750520-2016", "position": 1, "station_name": "Mambago-B NHS", "station_type": "HS", "filled": false, "is_new": true}}, {"model": "vacancy.item", "pk": 31, "fields": {"number": "OSEC-DECSB-TCH1-750521-2016", "position": 1, "station_name": "Nieves Villarica NHS", "station_type": "HS", "filled": false, "is_new": true}}, {"model": "vacancy.item", "pk": 32, "fields": {"number": "OSEC-DECSB-TCH1-750522-2016", "position": 1, "station_name": "Nieves Villarica NHS", "station_type": "HS", "filled": false, "is_new": true}}, {"model": "vacancy.item", "pk": 33, "fields": {"number": "OSEC-DECSB-TCH1-750523-2016", "position": 1, "station_name": "Nieves Villarica NHS", "station_type": "HS", "filled": false, "is_new": true}}, {"model": "vacancy.item", "pk": 34, "fields": {"number": "OSEC-DECSB-TCH1-750504-2016", "position": 1, "station_name": "", "station_type": "ES", "filled": false, "is_new": true}}, {"model": "vacancy.item", "pk": 35, "fields": {"number": "OSEC-DECSB-TCH1-750505-2016", "position": 1, "station_name": "", "station_type": "ES", "filled": false, "is_new": true}}, {"model": "vacancy.item", "pk": 36, "fields": {"number": "OSEC-DECSB-TCH1-750506-2016", "position": 1, "station_name": "", "station_type": "ES", "filled": false, "is_new": true}}, {"model": "vacancy.item", "pk": 37, "fields": {"number": "OSEC-DECSB-TCH1-750507-2016", "position": 1, "station_name": "", "station_type": "ES", "filled": false, "is_new": true}}, {"model": "vacancy.item", "pk": 38, "fields": {"number": "OSEC-DECSB-TCH1-750508-2016", "position": 1, "station_name": "", "station_type": "ES", "filled": false, "is_new": true}}, {"model": "vacancy.item", "pk": 39, "fields": {"number": "OSEC-DECSB-TCH1-750509-2016", "position": 1, "station_name": "", "station_type": "ES", "filled": false, "is_new": true}}, {"model": "vacancy.item", "pk": 40, "fields": {"number": "OSEC-DECSB-TCH1-750510-2016", "position": 1, "station_name": "", "station_type": "ES", "filled": false, "is_new": true}}, {"model": "vacancy.item", "pk": 41, "fields": {"number": "OSEC-DECSB-TCH1-750511-2016", "position": 1, "station_name": "", "station_type": "ES", "filled": false, "is_new": true}}, {"model": "vacancy.item", "pk": 42, "fields": {"number": "OSEC-DECSB-TCH1-750512-2016", "position": 1, "station_name": "", "station_type": "ES", "filled": false, "is_new": true}}, {"model": "vacancy.item", "pk": 43, "fields": {"number": "OSEC-DECSB-TCH1-750513-2016", "position": 1, "station_name": "", "station_type": "ES", "filled": false, "is_new": true}}, {"model": "vacancy.item", "pk": 44, "fields": {"number": "OSEC-DECSB-TCH1-750514-2016", "position": 1, "station_name": "", "station_type": "ES", "filled": false, "is_new": true}}, {"model": "vacancy.item", "pk": 45, "fields": {"number": "OSEC-DECSB-TCH1-750515-2016", "position": 1, "station_name": "", "station_type": "ES", "filled": false, "is_new": true}}, {"model": "vacancy.item", "pk": 46, "fields": {"number": "OSEC-DECSB-TCH1-750516-2016", "position": 1, "station_name": "", "station_type": "ES", "filled": false, "is_new": true}}, {"model": "vacancy.item", "pk": 47, "fields": {"number": "OSEC-DECSB-TCH1-750517-2016", "position": 1, "station_name": "", "station_type": "ES", "filled": false, "is_new": true}}, {"model": "vacancy.vacancy", "pk": 1, "fields": {"pub_date": "2016-03-08", "close_date": "2016-03-24", "is_open": true, "items": [1, 2, 3, 4, 6, 7, 8, 9, 10, 11, 12]}}, {"model": "vacancy.vacancy", "pk": 2, "fields": {"pub_date": "2016-03-03", "close_date": "2016-03-23", "is_open": true, "items": [13, 14, 15, 16, 17, 18, 19, 20, 21, 22, 23, 24, 25, 26, 27, 28, 29, 30, 31, 32, 33, 34, 35, 36, 37, 38, 39, 40, 41, 42, 43, 44, 45, 46, 47]}}]